{"is_source_file": false, "format": "", "description": "", "external_files": [], "external_methods": [], "published": [], "classes": [], "methods": [], "calls": [], "search-terms": [], "state": 2, "file_id": 3, "knowledge_revision": 16, "git_revision": "58ef9b6f4c1ce050a31588395aba8ca8e6fabf89", "hash": "ebece526bc2eadd78ddd787a76c56607", "format-version": 4, "code-base-name": "frontend_web", "filename": "frontend_web/README.md", "revision_history": [{"16": "58ef9b6f4c1ce050a31588395aba8ca8e6fabf89"}]}