{"is_source_file": false, "format": "", "description": "", "external_files": [], "external_methods": [], "published": [], "classes": [], "methods": [], "calls": [], "search-terms": [], "state": 2, "file_id": 10, "knowledge_revision": 26, "git_revision": "0c0b993b4c951054380117cc3877f2d3866293ef", "revision_history": [{"20": "58ef9b6f4c1ce050a31588395aba8ca8e6fabf89"}, {"26": "0c0b993b4c951054380117cc3877f2d3866293ef"}], "hash": "ff8a8c816abae129c5b63ef7ea8e5c0a", "format-version": 4, "code-base-name": "frontend_web", "filename": "frontend_web/package.json"}