{"is_source_file": false, "format": "", "description": "", "external_files": [], "external_methods": [], "published": [], "classes": [], "methods": [], "calls": [], "search-terms": [], "state": 2, "file_id": 1, "knowledge_revision": 15, "git_revision": "58ef9b6f4c1ce050a31588395aba8ca8e6fabf89", "hash": "d9d975cebe2ec20b6c652e1e4c12ccf0", "format-version": 4, "code-base-name": "frontend_web", "filename": "frontend_web/public/manifest.json", "revision_history": [{"15": "58ef9b6f4c1ce050a31588395aba8ca8e6fabf89"}]}