{"is_source_file": true, "format": "JavaScript (ES module, .mjs)", "description": "ESLint configuration file defining linting rules, plugins, and environment settings for a JavaScript/React project.", "external_files": ["@eslint/js", "eslint-plugin-react"], "external_methods": ["pluginJs", "pluginReact"], "published": ["default"], "classes": [], "methods": [], "calls": ["pluginJs", "pluginReact", "pluginJs.configs.recommended"], "search-terms": ["eslint", ".mjs", "eslint.config", "react", "eslint plugin", "linting rules"], "state": 2, "file_id": 11, "knowledge_revision": 21, "git_revision": "58ef9b6f4c1ce050a31588395aba8ca8e6fabf89", "hash": "be6538e7523bc2e9da0743133d784136", "format-version": 4, "code-base-name": "frontend_web", "filename": "frontend_web/eslint.config.mjs", "revision_history": [{"21": "58ef9b6f4c1ce050a31588395aba8ca8e6fabf89"}]}