{"is_source_file": true, "format": "JavaScript", "description": "A test setup file for integrating custom matchers from the jest-dom library into Jest testing environment.", "external_files": ["@testing-library/jest-dom"], "external_methods": [], "published": [], "classes": [], "methods": [], "calls": ["import '@testing-library/jest-dom'"], "search-terms": ["setupTests.js", "jest-dom", "testing-library", "jest matchers", "test setup"], "state": 2, "file_id": 9, "knowledge_revision": 23, "git_revision": "58ef9b6f4c1ce050a31588395aba8ca8e6fabf89", "ctags": [], "hash": "1a77571e1a8cf36018a41bcedf60db75", "format-version": 4, "code-base-name": "frontend_web", "filename": "frontend_web/src/setupTests.js", "revision_history": [{"23": "58ef9b6f4c1ce050a31588395aba8ca8e6fabf89"}]}