{"is_source_file": false, "format": "", "description": "", "external_files": [], "external_methods": [], "published": [], "classes": [], "methods": [], "calls": [], "search-terms": [], "state": 2, "file_id": 10, "knowledge_revision": 20, "git_revision": "58ef9b6f4c1ce050a31588395aba8ca8e6fabf89", "hash": "d001d53c059625c4bcf75bf5a7f3fcf0", "format-version": 4, "code-base-name": "frontend_web", "filename": "frontend_web/package.json", "revision_history": [{"20": "58ef9b6f4c1ce050a31588395aba8ca8e6fabf89"}]}