{"is_source_file": true, "format": "JavaScript (React JSX)", "description": "This is a React component file defining the main App component for the frontend web application. It manages theme toggling between light and dark modes, updates document attributes accordingly, and renders UI elements such as a toggle button, logo, and links.", "external_files": ["./logo.svg", "./App.css"], "external_methods": ["React.useState", "React.useEffect"], "published": ["App"], "classes": [], "methods": [{"name": "App()", "description": "Main React functional component managing theme state and rendering the UI.", "scope": "", "scopeKind": ""}, {"name": "toggleTheme", "description": "Toggles the theme state between 'light' and 'dark'."}], "calls": ["React.useState", "React.useEffect", "document.documentElement.setAttribute"], "search-terms": ["React functional component", "theme toggle", "useState", "useEffect", "App.js", "frontend web"], "state": 2, "file_id": 6, "knowledge_revision": 24, "git_revision": "58ef9b6f4c1ce050a31588395aba8ca8e6fabf89", "ctags": [{"_type": "tag", "name": "App", "path": "/home/kavia/workspace/code-generation/food-delivery-management-system-315257-315267/frontend_web/src/App.js", "pattern": "/^function App() {$/", "language": "JavaScript", "kind": "function", "signature": "()"}, {"_type": "tag", "name": "Switch to ${theme === 'light' ? 'dark' : 'light'} mode", "path": "/home/kavia/workspace/code-generation/food-delivery-management-system-315257-315267/frontend_web/src/App.js", "pattern": "/^          aria-label={`Switch to ${theme === 'light' ? 'dark' : 'light'} mode`}$/", "language": "JavaScript", "kind": "field", "scope": "App.aria", "scopeKind": "class"}, {"_type": "tag", "name": "toggleTheme", "path": "/home/kavia/workspace/code-generation/food-delivery-management-system-315257-315267/frontend_web/src/App.js", "pattern": "/^          onClick={toggleTheme}$/", "language": "JavaScript", "kind": "field", "scope": "App.onClick", "scopeKind": "class"}], "hash": "b55dd9e6a018e59207d8e277dffd9e11", "format-version": 4, "code-base-name": "frontend_web", "filename": "frontend_web/src/App.js", "fields": [{"name": "aria-label={`Switch to ${theme === 'light' ? 'dark' : 'light'} mode`}", "scope": "App.aria", "scopeKind": "class", "description": "unavailable"}, {"name": "onClick={toggleTheme}", "scope": "App.onClick", "scopeKind": "class", "description": "unavailable"}], "revision_history": [{"24": "58ef9b6f4c1ce050a31588395aba8ca8e6fabf89"}]}