{"is_source_file": true, "format": "JavaScript (React)", "description": "This is an entry point file for a React-based frontend application, responsible for rendering the main App component into the DOM.", "external_files": ["./index.css", "./App"], "external_methods": ["ReactDOM.createRoot", "root.render"], "published": [], "classes": [], "methods": [{"name": "ReactDOM.createRoot", "description": "Creates a root to render the React application into the DOM."}, {"name": "root.render", "description": "Renders the React component tree into the root DOM node."}], "calls": ["ReactDOM.createRoot", "root.render", "document.getElementById"], "search-terms": ["React", "ReactDOM", "index.js", "frontend", "application entry point"], "state": 2, "file_id": 7, "knowledge_revision": 25, "git_revision": "58ef9b6f4c1ce050a31588395aba8ca8e6fabf89", "ctags": [{"_type": "tag", "name": "root", "path": "/home/kavia/workspace/code-generation/food-delivery-management-system-315257-315267/frontend_web/src/index.js", "pattern": "/^const root = ReactDOM.createRoot(document.getElementById('root'));$/", "language": "JavaScript", "kind": "constant"}], "hash": "9fc5841375336fc175b49f8767a11383", "format-version": 4, "code-base-name": "frontend_web", "filename": "frontend_web/src/index.js", "revision_history": [{"25": "58ef9b6f4c1ce050a31588395aba8ca8e6fabf89"}]}