{"is_source_file": false, "format": "", "description": "", "external_files": [], "external_methods": [], "published": [], "classes": [], "methods": [], "calls": [], "search-terms": [], "state": 2, "file_id": 8, "knowledge_revision": 18, "git_revision": "58ef9b6f4c1ce050a31588395aba8ca8e6fabf89", "hash": "6c2104b8d219ed99234ae2d6329f4357", "format-version": 4, "code-base-name": "frontend_web", "filename": "frontend_web/src/index.css", "revision_history": [{"18": "58ef9b6f4c1ce050a31588395aba8ca8e6fabf89"}]}