{"is_source_file": false, "format": "", "description": "", "external_files": [], "external_methods": [], "published": [], "classes": [], "methods": [], "calls": [], "search-terms": ["CSS", "CSS variables", "theme management", "dark theme", "light theme", "responsive design", "App.css", "react"], "state": 2, "file_id": 4, "knowledge_revision": 17, "git_revision": "58ef9b6f4c1ce050a31588395aba8ca8e6fabf89", "hash": "22f9e17cc1848b56dbb244518ac2707e", "format-version": 4, "code-base-name": "frontend_web", "filename": "frontend_web/src/App.css", "revision_history": [{"17": "58ef9b6f4c1ce050a31588395aba8ca8e6fabf89"}]}